"","ticker","name.x","date","industry","industri"
"1","2020","2020 Bulkers Ltd.",2020-02-11,"Industry","Industri"
"2","2020","2020 Bulkers Ltd.",2020-08-13,"Industry","Industri"
"3","2020","2020 Bulkers Ltd.",2020-04-30,"Industry","Industri"
"4","AASBME","Aasen Sparebank",2020-08-13,"Equity_certificate","Egenkapitalbevis"
"5","AASBME","Aasen Sparebank",2020-05-14,"Equity_certificate","Egenkapitalbevis"
"6","ABT","Aqua Bio Technology ASA",2020-08-26,"Materials","Materialer"
"7","ADE","Adevinta ASA",2020-05-05,"Communication","Kommunikasjon"
"8","ADE","Adevinta ASA",2020-07-09,"Communication","Kommunikasjon"
"9","ADE","Adevinta ASA",2020-02-12,"Communication","Kommunikasjon"
"10","ADE","Adevinta ASA",2020-07-16,"Communication","Kommunikasjon"
"11","ADSCME","ADS Crude Carriers Plc",2020-05-28,"Energy","Energi"
"12","ADSCME","ADS Crude Carriers Plc",2020-08-28,"Energy","Energi"
"13","ADSCME","ADS Crude Carriers Plc",2020-02-27,"Energy","Energi"
"14","AEGA","Aega ASA",2020-02-28,"Renewables","Forsyning"
"15","AEGA","Aega ASA",2020-05-29,"Renewables","Forsyning"
"16","AEGA","Aega ASA",2020-08-28,"Renewables","Forsyning"
"17","AFG","AF Gruppen ASA",2020-08-17,"Industry","Industri"
"18","AFG","AF Gruppen ASA",2020-02-14,"Industry","Industri"
"19","AFG","AF Gruppen ASA",2020-08-21,"Industry","Industri"
"20","AFG","AF Gruppen ASA",2020-05-14,"Industry","Industri"
"21","AFG","AF Gruppen ASA",2020-02-10,"Industry","Industri"
"22","AFG","AF Gruppen ASA",2020-05-08,"Industry","Industri"
"23","AFG","AF Gruppen ASA",2020-05-15,"Industry","Industri"
"24","AFK","Arendals Fossekompani ASA",2020-02-14,"Industry","Industri"
"25","AFK","Arendals Fossekompani ASA",2020-05-07,"Industry","Industri"
"26","AFK","Arendals Fossekompani ASA",2020-08-20,"Industry","Industri"
"27","AGS","Axxis Geo Solutions ASA",2020-05-27,"Energy","Energi"
"28","AGS","Axxis Geo Solutions ASA",2020-02-26,"Energy","Energi"
"29","AGS","Axxis Geo Solutions ASA",2020-08-19,"Energy","Energi"
"30","AKA","Akastor ASA",2020-02-13,"Energy","Energi"
"31","AKA","Akastor ASA",2020-04-28,"Energy","Energi"
"32","AKA","Akastor ASA",2020-07-16,"Energy","Energi"
"33","AKBMME","Aker BioMarine AS",2020-07-15,"Consumer_goods","Konsumvarer"
"34","AKER","Aker ASA",2020-02-06,"Finance","Finans"
"35","AKER","Aker ASA",2020-02-14,"Finance","Finans"
"36","AKER","Aker ASA",2020-04-29,"Finance","Finans"
"37","AKER","Aker ASA",2020-07-03,"Finance","Finans"
"38","AKER","Aker ASA",2020-05-08,"Finance","Finans"
"39","AKER","Aker ASA",2020-07-17,"Finance","Finans"
"40","AKERBP","Aker BP ASA",2020-07-14,"Energy","Energi"
"41","AKERBP","Aker BP ASA",2020-02-11,"Energy","Energi"
"42","AKERBP","Aker BP ASA",2020-05-06,"Energy","Energi"
"43","AKSO","Aker Solutions ASA",2020-07-15,"Energy","Energi"
"44","AKSO","Aker Solutions ASA",2020-02-07,"Energy","Energi"
"45","AKSO","Aker Solutions ASA",2020-04-30,"Energy","Energi"
"46","AKSO","Aker Solutions ASA",2020-01-24,"Energy","Energi"
"47","AKVA","AKVA group ASA",2020-07-29,"Industry","Industri"
"48","AKVA","AKVA group ASA",2020-01-26,"Industry","Industri"
"49","AKVA","AKVA group ASA",2020-08-14,"Industry","Industri"
"50","AKVA","AKVA group ASA",2020-05-08,"Industry","Industri"
"51","AKVA","AKVA group ASA",2020-02-14,"Industry","Industri"
"52","AKVA","AKVA group ASA",2020-04-28,"Industry","Industri"
"53","ALNG","AWILCO LNG ASA",2020-08-28,"Energy","Energi"
"54","AMSC","American Shipping Company ASA",2020-08-21,"Industry","Industri"
"55","AMSC","American Shipping Company ASA",2020-02-28,"Industry","Industri"
"56","ANDFME","Andfjord Salmon AS",2020-09-02,"Consumer_goods","Konsumvarer"
"57","AQUA","AqualisBraemar ASA",2020-02-27,"Energy","Energi"
"58","AQUA","AqualisBraemar ASA",2020-08-27,"Energy","Energi"
"59","ARCHER","Archer Limited",2020-02-14,"Energy","Energi"
"60","ARCHER","Archer Limited",2020-08-14,"Energy","Energi"
"61","ARCUS","Arcus ASA",2020-04-23,"Consumer_goods","Konsumvarer"
"62","ARCUS","Arcus ASA",2020-08-18,"Consumer_goods","Konsumvarer"
"63","ARCUS","Arcus ASA",2020-02-06,"Consumer_goods","Konsumvarer"
"64","ARCUS","Arcus ASA",2020-02-13,"Consumer_goods","Konsumvarer"
"65","ARCUS","Arcus ASA",2020-08-11,"Consumer_goods","Konsumvarer"
"66","ARCUS","Arcus ASA",2020-04-29,"Consumer_goods","Konsumvarer"
"67","ARR","Arribatec Solutions ASA",2020-08-28,"Industry","Industri"
"68","ASA","Atlantic Sapphire ASA",2020-08-28,"Consumer_goods","Konsumvarer"
"69","ASC","ABG Sundal Collier Holding ASA",2020-07-10,"Finance","Finans"
"70","ASC","ABG Sundal Collier Holding ASA",2020-02-12,"Finance","Finans"
"71","ASC","ABG Sundal Collier Holding ASA",2020-04-28,"Finance","Finans"
"72","ASETEK","Asetek A/S",2020-08-12,"IT","IT"
"73","ATEA","Atea ASA",2020-02-06,"IT","IT"
"74","ATEA","Atea ASA",2020-07-15,"IT","IT"
"75","ATEA","Atea ASA",2020-04-22,"IT","IT"
"76","AURG","Aurskog Sparebank",2020-01-30,"Equity_certificate","Egenkapitalbevis"
"77","AURG","Aurskog Sparebank",2020-08-13,"Equity_certificate","Egenkapitalbevis"
"78","AURG","Aurskog Sparebank",2020-04-30,"Equity_certificate","Egenkapitalbevis"
"79","AUSS","Austevoll Seafood ASA",2020-05-08,"Consumer_goods","Konsumvarer"
"80","AUSS","Austevoll Seafood ASA",2020-02-25,"Consumer_goods","Konsumvarer"
"81","AUSS","Austevoll Seafood ASA",2020-08-20,"Consumer_goods","Konsumvarer"
"82","AUSS","Austevoll Seafood ASA",2020-04-23,"Consumer_goods","Konsumvarer"
"83","AUSS","Austevoll Seafood ASA",2020-02-18,"Consumer_goods","Konsumvarer"
"84","AUSS","Austevoll Seafood ASA",2020-08-18,"Consumer_goods","Konsumvarer"
"85","AUSS","Austevoll Seafood ASA",2020-05-14,"Consumer_goods","Konsumvarer"
"86","AVANCE","Avance Gas Holding Ltd",2020-08-26,"Energy","Energi"
"87","AVANCE","Avance Gas Holding Ltd",2020-02-18,"Energy","Energi"
"88","AVANCE","Avance Gas Holding Ltd",2020-02-27,"Energy","Energi"
"89","AVANCE","Avance Gas Holding Ltd",2020-02-25,"Energy","Energi"
"90","AXA","Axactor SE",2020-04-21,"Finance","Finans"
"91","AXA","Axactor SE",2020-07-15,"Finance","Finans"
"92","AXA","Axactor SE",2020-02-05,"Finance","Finans"
"93","AXA","Axactor SE",2020-07-23,"Finance","Finans"
"94","AXA","Axactor SE",2020-04-17,"Finance","Finans"
"95","AXA","Axactor SE",2020-02-12,"Finance","Finans"
"96","AYFIEME","ayfie Group AS",2020-09-24,"IT","IT"
"97","AZT","ArcticZymes Technologies ASA",2020-01-30,"Healthcare","Helsevern"
"98","AZT","ArcticZymes Technologies ASA",2020-04-23,"Healthcare","Helsevern"
"99","AZT","ArcticZymes Technologies ASA",2020-08-19,"Healthcare","Helsevern"
"100","B2H","B2Holding ASA",2020-02-28,"Finance","Finans"
"101","B2H","B2Holding ASA",2020-08-20,"Finance","Finans"
"102","B2H","B2Holding ASA",2020-05-07,"Finance","Finans"
"103","BAKKA","Bakkafrost P/f",2020-02-25,"Consumer_goods","Konsumvarer"
"104","BAKKA","Bakkafrost P/f",2020-08-25,"Consumer_goods","Konsumvarer"
"105","BAKKA","Bakkafrost P/f",2020-05-05,"Consumer_goods","Konsumvarer"
"106","BALTME","Baltic<U+00A0>Sea<U+00A0>Properties<U+00A0>AS",2020-08-28,"Real_estate","Eiendom"
"107","BDRILL","Borr Drilling Limited",2020-08-28,"Energy","Energi"
"108","BEL","Belships ASA",2020-08-21,"Industry","Industri"
"109","BEL","Belships ASA",2020-02-21,"Industry","Industri"
"110","BEL","Belships ASA",2020-05-15,"Industry","Industri"
"111","BGBIO","BerGenBio ASA",2020-08-18,"Healthcare","Helsevern"
"112","BMA","Byggma ASA",2020-08-27,"Industry","Industri"
"113","BMA","Byggma ASA",2020-05-27,"Industry","Industri"
"114","BMA","Byggma ASA",2020-02-27,"Industry","Industri"
"115","BON","Bonheur ASA",2020-07-15,"Industry","Industri"
"116","BON","Bonheur ASA",2020-05-13,"Industry","Industri"
"117","BON","Bonheur ASA",2020-02-14,"Industry","Industri"
"118","BOR","Borgestad ASA",2020-08-21,"Materials","Materialer"
"119","BOR","Borgestad ASA",2020-02-27,"Materials","Materialer"
"120","BOR","Borgestad ASA",2020-05-20,"Materials","Materialer"
"121","BOUVET","Bouvet ASA",2020-05-19,"IT","IT"
"122","BOUVET","Bouvet ASA",2020-02-25,"IT","IT"
"123","BOUVET","Bouvet ASA",2020-08-25,"IT","IT"
"124","BOUVET","Bouvet ASA",2020-08-19,"IT","IT"
"125","BOUVET","Bouvet ASA",2020-05-14,"IT","IT"
"126","BOUVET","Bouvet ASA",2020-02-19,"IT","IT"
"127","BRAME","BRAbank ASA",2020-05-15,"Finance","Finans"
"128","BRAME","BRAbank ASA",2020-02-10,"Finance","Finans"
"129","BRAME","BRAbank ASA",2020-02-14,"Finance","Finans"
"130","BRAME","BRAbank ASA",2020-08-14,"Finance","Finans"
"131","BRAME","BRAbank ASA",2020-08-07,"Finance","Finans"
"132","BRG","Borregaard ASA",2020-04-29,"Materials","Materialer"
"133","BRG","Borregaard ASA",2020-02-05,"Materials","Materialer"
"134","BRG","Borregaard ASA",2020-07-16,"Materials","Materialer"
"135","BWE","BW Energy Limited",2020-08-26,"Energy","Energi"
"136","BWLPG","BW LPG Limited",2020-08-27,"Energy","Energi"
"137","BWLPG","BW LPG Limited",2020-05-26,"Energy","Energi"
"138","BWLPG","BW LPG Limited",2020-08-13,"Energy","Energi"
"139","BWLPG","BW LPG Limited",2020-05-08,"Energy","Energi"
"140","BWO","BW Offshore Limited",2020-08-27,"Energy","Energi"
"141","CARA","Carasent ASA",2020-04-28,"Healthcare","Helsevern"
"142","CARA","Carasent ASA",2020-08-13,"Healthcare","Helsevern"
"143","CARA","Carasent ASA",2020-02-12,"Healthcare","Helsevern"
"144","CLOUDME","Cloudberry Clean Energy AS",2020-09-16,"Renewables","Forsyning"
"145","COV","ContextVision AB",2020-04-23,"Healthcare","Helsevern"
"146","COV","ContextVision AB",2020-08-13,"Healthcare","Helsevern"
"147","COV","ContextVision AB",2020-02-20,"Healthcare","Helsevern"
"148","CRAYON","Crayon Group Holding ASA",2020-02-11,"IT","IT"
"149","CRAYON","Crayon Group Holding ASA",2020-08-11,"IT","IT"
"150","DNB","DNB ASA",2020-02-06,"Finance","Finans"
"151","DNB","DNB ASA",2020-07-13,"Finance","Finans"
"152","DNO","DNO ASA",2020-07-23,"Energy","Energi"
"153","DNO","DNO ASA",2020-02-06,"Energy","Energi"
"154","DNO","DNO ASA",2020-05-07,"Energy","Energi"
"155","DNO","DNO ASA",2020-07-30,"Energy","Energi"
"156","DOF","DOF ASA",2020-02-21,"Energy","Energi"
"157","DOF","DOF ASA",2020-08-21,"Energy","Energi"
"158","EAM","EAM Solar ASA",2020-08-18,"Renewables","Forsyning"
"159","EAM","EAM Solar ASA",2020-02-25,"Renewables","Forsyning"
"160","EAM","EAM Solar ASA",2020-08-14,"Renewables","Forsyning"
"161","EAM","EAM Solar ASA",2020-05-19,"Renewables","Forsyning"
"162","EAM","EAM Solar ASA",2020-04-21,"Renewables","Forsyning"
"163","EIOF","Eidesvik Offshore ASA",2020-02-25,"Energy","Energi"
"164","EIOF","Eidesvik Offshore ASA",2020-02-19,"Energy","Energi"
"165","EIOF","Eidesvik Offshore ASA",2020-02-26,"Energy","Energi"
"166","EIOF","Eidesvik Offshore ASA",2020-05-13,"Energy","Energi"
"167","EIOF","Eidesvik Offshore ASA",2020-08-26,"Energy","Energi"
"168","ELE","Element ASA",2020-05-29,"Materials","Materialer"
"169","ELE","Element ASA",2020-02-28,"Materials","Materialer"
"170","ELE","Element ASA",2020-08-31,"Materials","Materialer"
"171","ELK","Elkem ASA",2020-05-08,"Materials","Materialer"
"172","ELK","Elkem ASA",2020-02-13,"Materials","Materialer"
"173","ELK","Elkem ASA",2020-07-17,"Materials","Materialer"
"174","ENDUR","End<fa>r ASA",2020-05-29,"Industry","Industri"
"175","ENDUR","End<fa>r ASA",2020-08-27,"Industry","Industri"
"176","ENDUR","End<fa>r ASA",2020-02-14,"Industry","Industri"
"177","ENTRA","Entra ASA",2020-07-10,"Real_estate","Eiendom"
"178","EPICME","Epic Gas Ltd.",2020-08-13,"Energy","Energi"
"179","EPR","Europris ASA",2020-01-30,"Consumables","Forbruksvarer"
"180","EPR","Europris ASA",2020-04-23,"Consumables","Forbruksvarer"
"181","EPR","Europris ASA",2020-07-10,"Consumables","Forbruksvarer"
"182","EQNR","Equinor ASA",2020-07-24,"Energy","Energi"
"183","EQNR","Equinor ASA",2020-05-07,"Energy","Energi"
"184","EQNR","Equinor ASA",2020-02-06,"Energy","Energi"
"185","FIVEPG","5th Planet Games A/S",2020-09-18,"Communication","Kommunikasjon"
"186","FJORD","Fjord1 ASA",2020-05-13,"Industry","Industri"
"187","FJORD","Fjord1 ASA",2020-02-26,"Industry","Industri"
"188","FJORD","Fjord1 ASA",2020-08-14,"Industry","Industri"
"189","FJORD","Fjord1 ASA",2020-05-07,"Industry","Industri"
"190","FJORD","Fjord1 ASA",2020-08-19,"Industry","Industri"
"191","FJORD","Fjord1 ASA",2020-02-20,"Industry","Industri"
"192","FKRAFT","Fjordkraft Holding ASA",2020-08-20,"Renewables","Forsyning"
"193","FKRAFT","Fjordkraft Holding ASA",2020-02-13,"Renewables","Forsyning"
"194","FKRAFT","Fjordkraft Holding ASA",2020-05-14,"Renewables","Forsyning"
"195","FLNG","FLEX LNG LTD",2020-08-19,"Energy","Energi"
"196","FLNG","FLEX LNG LTD",2020-02-26,"Energy","Energi"
"197","FRO","Frontline Ltd.",2020-08-27,"Energy","Energi"
"198","GENTME","Gentian Diagnostics AS",2020-08-21,"Healthcare","Helsevern"
"199","GENTME","Gentian Diagnostics AS",2020-04-24,"Healthcare","Helsevern"
"200","GENTME","Gentian Diagnostics AS",2020-02-14,"Healthcare","Helsevern"
"201","GIG","Gaming Innovation Group Inc",2020-08-11,"Consumables","Forbruksvarer"
"202","GIG","Gaming Innovation Group Inc",2020-02-18,"Consumables","Forbruksvarer"
"203","GIG","Gaming Innovation Group Inc",2020-05-05,"Consumables","Forbruksvarer"
"204","GJF","Gjensidige Forsikring ASA",2020-04-22,"Finance","Finans"
"205","GJF","Gjensidige Forsikring ASA",2020-01-22,"Finance","Finans"
"206","GJF","Gjensidige Forsikring ASA",2020-07-14,"Finance","Finans"
"207","GOD","Goodtech ASA",2020-05-13,"Industry","Industri"
"208","GOD","Goodtech ASA",2020-03-19,"Industry","Industri"
"209","GOD","Goodtech ASA",2020-02-26,"Industry","Industri"
"210","GOGL","Golden Ocean Group Limited",2020-05-27,"Industry","Industri"
"211","GOGL","Golden Ocean Group Limited",2020-02-12,"Industry","Industri"
"212","GOGL","Golden Ocean Group Limited",2020-08-18,"Industry","Industri"
"213","GOGL","Golden Ocean Group Limited",2020-02-18,"Industry","Industri"
"214","GRONGME","Grong Sparebank",2020-05-13,"Equity_certificate","Egenkapitalbevis"
"215","GRONGME","Grong Sparebank",2020-08-12,"Equity_certificate","Egenkapitalbevis"
"216","GRONGME","Grong Sparebank",2020-08-21,"Equity_certificate","Egenkapitalbevis"
"217","GRONGME","Grong Sparebank",2020-08-27,"Equity_certificate","Egenkapitalbevis"
"218","GSF","Grieg Seafood ASA",2020-02-13,"Consumer_goods","Konsumvarer"
"219","GSF","Grieg Seafood ASA",2020-08-11,"Consumer_goods","Konsumvarer"
"220","GSF","Grieg Seafood ASA",2020-05-07,"Consumer_goods","Konsumvarer"
"221","GSF","Grieg Seafood ASA",2020-08-18,"Consumer_goods","Konsumvarer"
"222","GSF","Grieg Seafood ASA",2020-04-30,"Consumer_goods","Konsumvarer"
"223","GSF","Grieg Seafood ASA",2020-02-06,"Consumer_goods","Konsumvarer"
"224","GYL","Gyldendal ASA",2020-08-28,"Consumables","Forbruksvarer"
"225","HAFNIA","Hafnia Limited",2020-08-28,"Energy","Energi"
"226","HAFNIA","Hafnia Limited",2020-05-25,"Energy","Energi"
"227","HAVI","Havila Shipping ASA",2020-08-25,"Energy","Energi"
"228","HAVI","Havila Shipping ASA",2020-02-28,"Energy","Energi"
"229","HBC","Hofseth BioCare ASA",2020-02-07,"Healthcare","Helsevern"
"230","HBC","Hofseth BioCare ASA",2020-08-28,"Healthcare","Helsevern"
"231","HELG","Helgeland Sparebank",2020-04-29,"Equity_certificate","Egenkapitalbevis"
"232","HELG","Helgeland Sparebank",2020-02-05,"Equity_certificate","Egenkapitalbevis"
"233","HELG","Helgeland Sparebank",2020-08-12,"Equity_certificate","Egenkapitalbevis"
"234","HEX","Hexagon Composites ASA",2020-05-20,"Industry","Industri"
"235","HEX","Hexagon Composites ASA",2020-02-12,"Industry","Industri"
"236","HEX","Hexagon Composites ASA",2020-08-12,"Industry","Industri"
"237","HLNG","H<f6>egh LNG Holdings Ltd",2020-02-27,"Energy","Energi"
"238","HLNG","H<f6>egh LNG Holdings Ltd",2020-05-28,"Energy","Energi"
"239","HSPG","H<f8>land og Setskog Sparebank",2020-02-07,"Equity_certificate","Egenkapitalbevis"
"240","HSPG","H<f8>land og Setskog Sparebank",2020-08-14,"Equity_certificate","Egenkapitalbevis"
"241","HSPG","H<f8>land og Setskog Sparebank",2020-05-01,"Equity_certificate","Egenkapitalbevis"
"242","HUNT","Hunter Group ASA",2020-08-27,"Energy","Energi"
"243","HYARD","Havyard Group ASA",2020-08-28,"Industry","Industri"
"244","HYARD","Havyard Group ASA",2020-08-27,"Industry","Industri"
"245","ICE","Ice Group ASA",2020-08-18,"Communication","Kommunikasjon"
"246","ICE","Ice Group ASA",2020-05-14,"Communication","Kommunikasjon"
"247","ICE","Ice Group ASA",2020-02-14,"Communication","Kommunikasjon"
"248","IDEX","IDEX Biometrics ASA",2020-08-13,"IT","IT"
"249","IDEX","IDEX Biometrics ASA",2020-05-13,"IT","IT"
"250","IDEX","IDEX Biometrics ASA",2020-05-14,"IT","IT"
"251","IDEX","IDEX Biometrics ASA",2020-02-27,"IT","IT"
"252","IFISHME","Ice Fish Farm AS",2020-08-28,"Consumer_goods","Konsumvarer"
"253","IFISHME","Ice Fish Farm AS",2020-08-31,"Consumer_goods","Konsumvarer"
"254","INDUCTME","Induct AS",2020-08-14,"IT","IT"
"255","INFRNT","Infront ASA",2020-08-17,"Finance","Finans"
"256","INFRNT","Infront ASA",2020-02-24,"Finance","Finans"
"257","INFRNT","Infront ASA",2020-02-28,"Finance","Finans"
"258","INFRNT","Infront ASA",2020-08-21,"Finance","Finans"
"259","INFRNT","Infront ASA",2020-05-11,"Finance","Finans"
"260","INFRNT","Infront ASA",2020-05-15,"Finance","Finans"
"261","INSR","Insr Insurance Group ASA",2020-02-28,"Finance","Finans"
"262","INSR","Insr Insurance Group ASA",2020-02-21,"Finance","Finans"
"263","INSR","Insr Insurance Group ASA",2020-05-14,"Finance","Finans"
"264","INSR","Insr Insurance Group ASA",2020-08-21,"Finance","Finans"
"265","INSR","Insr Insurance Group ASA",2020-08-28,"Finance","Finans"
"266","INSTAME","Instabank ASA",2020-08-13,"Finance","Finans"
"267","INSTAME","Instabank ASA",2020-02-11,"Finance","Finans"
"268","INSTAME","Instabank ASA",2020-05-07,"Finance","Finans"
"269","IOX","Interoil Exploration and Prod. ASA",2020-08-28,"Energy","Energi"
"270","IOX","Interoil Exploration and Prod. ASA",2020-02-27,"Energy","Energi"
"271","ITE","Itera ASA",2020-04-29,"IT","IT"
"272","ITE","Itera ASA",2020-08-25,"IT","IT"
"273","ITE","Itera ASA",2020-02-18,"IT","IT"
"274","ITE","Itera ASA",2020-02-25,"IT","IT"
"275","ITE","Itera ASA",2020-08-20,"IT","IT"
"276","ITE","Itera ASA",2020-05-05,"IT","IT"
"277","JAEREN","J<e6>ren Sparebank",2020-08-13,"Equity_certificate","Egenkapitalbevis"
"278","JAEREN","J<e6>ren Sparebank",2020-05-14,"Equity_certificate","Egenkapitalbevis"
"279","JAEREN","J<e6>ren Sparebank",2020-03-04,"Equity_certificate","Egenkapitalbevis"
"280","JAEREN","J<e6>ren Sparebank",2020-02-13,"Equity_certificate","Egenkapitalbevis"
"281","JIN","Jinhui Shipping and Transport. Ltd",2020-02-28,"Industry","Industri"
"282","JIN","Jinhui Shipping and Transport. Ltd",2020-08-25,"Industry","Industri"
"283","JIN","Jinhui Shipping and Transport. Ltd",2020-05-29,"Industry","Industri"
"284","KAHOOTME","Kahoot! AS",2020-08-20,"Communication","Kommunikasjon"
"285","KCC","Klaveness Combination Carriers ASA",2020-08-19,"Industry","Industri"
"286","KCC","Klaveness Combination Carriers ASA",2020-02-25,"Industry","Industri"
"287","KCC","Klaveness Combination Carriers ASA",2020-05-27,"Industry","Industri"
"288","KID","Kid ASA",2020-08-20,"Consumables","Forbruksvarer"
"289","KIT","Kitron ASA",2020-07-10,"IT","IT"
"290","KIT","Kitron ASA",2020-02-13,"IT","IT"
"291","KOA","Kongsberg Automotive ASA",2020-08-06,"Consumables","Forbruksvarer"
"292","KOA","Kongsberg Automotive ASA",2020-02-27,"Consumables","Forbruksvarer"
"293","KOA","Kongsberg Automotive ASA",2020-04-23,"Consumables","Forbruksvarer"
"294","KOG","Kongsberg Gruppen ASA",2020-07-15,"Industry","Industri"
"295","KOG","Kongsberg Gruppen ASA",2020-02-12,"Industry","Industri"
"296","KOMP","Komplett Bank ASA",2020-08-13,"Finance","Finans"
"297","KOMP","Komplett Bank ASA",2020-05-13,"Finance","Finans"
"298","KVAER","Kv<e6>rner ASA",2020-07-09,"Energy","Energi"
"299","KVAER","Kv<e6>rner ASA",2020-04-27,"Energy","Energi"
"300","KVAER","Kv<e6>rner ASA",2020-02-12,"Energy","Energi"
"301","LIFEME","Lifecare AS",2020-09-01,"Healthcare","Helsevern"
"302","LSG","Ler<f8>y Seafood Group ASA",2020-05-08,"Consumer_goods","Konsumvarer"
"303","LSG","Ler<f8>y Seafood Group ASA",2020-04-23,"Consumer_goods","Konsumvarer"
"304","LSG","Ler<f8>y Seafood Group ASA",2020-02-25,"Consumer_goods","Konsumvarer"
"305","LSG","Ler<f8>y Seafood Group ASA",2020-04-06,"Consumer_goods","Konsumvarer"
"306","LSG","Ler<f8>y Seafood Group ASA",2020-07-07,"Consumer_goods","Konsumvarer"
"307","LSG","Ler<f8>y Seafood Group ASA",2020-01-08,"Consumer_goods","Konsumvarer"
"308","LSG","Ler<f8>y Seafood Group ASA",2020-08-14,"Consumer_goods","Konsumvarer"
"309","LSG","Ler<f8>y Seafood Group ASA",2020-05-14,"Consumer_goods","Konsumvarer"
"310","LSG","Ler<f8>y Seafood Group ASA",2020-02-18,"Consumer_goods","Konsumvarer"
"311","LSG","Ler<f8>y Seafood Group ASA",2020-08-20,"Consumer_goods","Konsumvarer"
"312","LSTSBME","Lillestr<f8>m Sparebank",2020-08-11,"Equity_certificate","Egenkapitalbevis"
"313","LSTSBME","Lillestr<f8>m Sparebank",2020-05-13,"Equity_certificate","Egenkapitalbevis"
"314","LSTSBME","Lillestr<f8>m Sparebank",2020-02-11,"Equity_certificate","Egenkapitalbevis"
"315","MEDI","Medistim ASA",2020-02-24,"Healthcare","Helsevern"
"316","MEDI","Medistim ASA",2020-04-24,"Healthcare","Helsevern"
"317","MEDI","Medistim ASA",2020-08-14,"Healthcare","Helsevern"
"318","MEDI","Medistim ASA",2020-08-07,"Healthcare","Helsevern"
"319","MEDI","Medistim ASA",2020-03-19,"Healthcare","Helsevern"
"320","MEDI","Medistim ASA",2020-04-29,"Healthcare","Helsevern"
"321","MEDI","Medistim ASA",2020-02-28,"Healthcare","Helsevern"
"322","MELG","Melhus Sparebank",2020-05-15,"Equity_certificate","Egenkapitalbevis"
"323","MELG","Melhus Sparebank",2020-08-13,"Equity_certificate","Egenkapitalbevis"
"324","MELG","Melhus Sparebank",2020-02-13,"Equity_certificate","Egenkapitalbevis"
"325","MGN","Magnora ASA",2020-02-14,"Energy","Energi"
"326","MGN","Magnora ASA",2020-05-26,"Energy","Energi"
"327","MGN","Magnora ASA",2020-08-25,"Energy","Energi"
"328","MING","SpareBank 1 SMN",2020-08-11,"Equity_certificate","Egenkapitalbevis"
"329","MORG","Sparebanken M<f8>re",2020-04-30,"Equity_certificate","Egenkapitalbevis"
"330","MORG","Sparebanken M<f8>re",2020-01-30,"Equity_certificate","Egenkapitalbevis"
"331","MOWI","Mowi ASA",2020-08-26,"Consumer_goods","Konsumvarer"
"332","MOWI","Mowi ASA",2020-02-12,"Consumer_goods","Konsumvarer"
"333","MOWI","Mowi ASA",2020-05-13,"Consumer_goods","Konsumvarer"
"334","MPCC","MPC Container Ships ASA",2020-02-25,"Industry","Industri"
"335","MPCC","MPC Container Ships ASA",2020-02-28,"Industry","Industri"
"336","MPCC","MPC Container Ships ASA",2020-05-20,"Industry","Industri"
"337","MPCC","MPC Container Ships ASA",2020-08-31,"Industry","Industri"
"338","MPCC","MPC Container Ships ASA",2020-05-27,"Industry","Industri"
"339","MRCELME","Mercell Holding AS",2020-09-15,"IT","IT"
"340","MSEIS","Magseis Fairfield ASA",2020-05-12,"Energy","Energi"
"341","MSEIS","Magseis Fairfield ASA",2020-08-25,"Energy","Energi"
"342","MSEIS","Magseis Fairfield ASA",2020-02-13,"Energy","Energi"
"343","MULTI","Multiconsult ASA",2020-02-26,"Industry","Industri"
"344","MULTI","Multiconsult ASA",2020-05-20,"Industry","Industri"
"345","MULTI","Multiconsult ASA",2020-08-26,"Industry","Industri"
"346","NANO","Nordic Nanovector ASA",2020-08-27,"Healthcare","Helsevern"
"347","NAPA","Napatech A/S",2020-08-13,"IT","IT"
"348","NAS","Norwegian Air Shuttle ASA",2020-02-13,"Industry","Industri"
"349","NAS","Norwegian Air Shuttle ASA",2020-08-28,"Industry","Industri"
"350","NAS","Norwegian Air Shuttle ASA",2020-01-13,"Industry","Industri"
"351","NATTO","NattoPharma ASA",2020-02-19,"Consumer_goods","Konsumvarer"
"352","NATTO","NattoPharma ASA",2020-07-15,"Consumer_goods","Konsumvarer"
"353","NATTO","NattoPharma ASA",2020-05-06,"Consumer_goods","Konsumvarer"
"354","NAVA","Navamedic ASA",2020-02-13,"Healthcare","Helsevern"
"355","NAVA","Navamedic ASA",2020-05-14,"Healthcare","Helsevern"
"356","NAVA","Navamedic ASA",2020-08-20,"Healthcare","Helsevern"
"357","NEL","NEL ASA",2020-03-05,"Industry","Industri"
"358","NEL","NEL ASA",2020-08-26,"Industry","Industri"
"359","NEL","NEL ASA",2020-05-07,"Industry","Industri"
"360","NEXT","NEXT Biometrics Group ASA",2020-02-26,"IT","IT"
"361","NEXT","NEXT Biometrics Group ASA",2020-05-12,"IT","IT"
"362","NEXT","NEXT Biometrics Group ASA",2020-08-18,"IT","IT"
"363","NHY","Norsk Hydro ASA",2020-04-29,"Materials","Materialer"
"364","NHY","Norsk Hydro ASA",2020-07-22,"Materials","Materialer"
"365","NHY","Norsk Hydro ASA",2020-02-07,"Materials","Materialer"
"366","NISBME","Nidaros Sparebank",2020-08-14,"Equity_certificate","Egenkapitalbevis"
"367","NISBME","Nidaros Sparebank",2020-05-08,"Equity_certificate","Egenkapitalbevis"
"368","NKR","Nekkar ASA",2020-02-26,"Industry","Industri"
"369","NKR","Nekkar ASA",2020-08-20,"Industry","Industri"
"370","NOD","Nordic Semiconductor ASA",2020-04-21,"IT","IT"
"371","NOD","Nordic Semiconductor ASA",2020-07-13,"IT","IT"
"372","NOD","Nordic Semiconductor ASA",2020-02-07,"IT","IT"
"373","NODL","Northern Drilling Ltd.",2020-08-28,"Energy","Energi"
"374","NODL","Northern Drilling Ltd.",2020-05-29,"Energy","Energi"
"375","NODL","Northern Drilling Ltd.",2020-02-28,"Energy","Energi"
"376","NOFI","Norwegian Finans Holding ASA",2020-04-30,"Finance","Finans"
"377","NOFI","Norwegian Finans Holding ASA",2020-02-20,"Finance","Finans"
"378","NOFI","Norwegian Finans Holding ASA",2020-08-13,"Finance","Finans"
"379","NOL","Northern Ocean Ltd.",2020-08-28,"Energy","Energi"
"380","NOL","Northern Ocean Ltd.",2020-05-29,"Energy","Energi"
"381","NOL","Northern Ocean Ltd.",2020-02-28,"Energy","Energi"
"382","NOM","Nordic Mining ASA",2020-04-22,"Materials","Materialer"
"383","NOM","Nordic Mining ASA",2020-02-11,"Materials","Materialer"
"384","NOM","Nordic Mining ASA",2020-08-18,"Materials","Materialer"
"385","NONG","SpareBank 1 Nord-Norge",2020-02-13,"Equity_certificate","Egenkapitalbevis"
"386","NONG","SpareBank 1 Nord-Norge",2020-08-12,"Equity_certificate","Egenkapitalbevis"
"387","NONG","SpareBank 1 Nord-Norge",2020-05-13,"Equity_certificate","Egenkapitalbevis"
"388","NOR","Norwegian Energy Company ASA",2020-05-20,"Energy","Energi"
"389","NOR","Norwegian Energy Company ASA",2020-08-21,"Energy","Energi"
"390","NOR","Norwegian Energy Company ASA",2020-02-25,"Energy","Energi"
"391","NORBIT","NORBIT ASA",2020-08-13,"IT","IT"
"392","NORBIT","NORBIT ASA",2020-02-14,"IT","IT"
"393","NORBIT","NORBIT ASA",2020-05-06,"IT","IT"
"394","NORTH","North Energy ASA",2020-08-31,"Energy","Energi"
"395","NORTH","North Energy ASA",2020-02-27,"Energy","Energi"
"396","NPRO","Norwegian Property ASA",2020-07-03,"Real_estate","Eiendom"
"397","NPRO","Norwegian Property ASA",2020-04-29,"Real_estate","Eiendom"
"398","NPRO","Norwegian Property ASA",2020-07-09,"Real_estate","Eiendom"
"399","NRC","NRC Group ASA",2020-05-20,"Industry","Industri"
"400","NRC","NRC Group ASA",2020-02-12,"Industry","Industri"
"401","NRC","NRC Group ASA",2020-08-13,"Industry","Industri"
"402","NRC","NRC Group ASA",2020-08-19,"Industry","Industri"
"403","NRS","Norway Royal Salmon ASA",2020-08-25,"Consumer_goods","Konsumvarer"
"404","NSKOG","Norske Skog ASA",2020-07-16,"Materials","Materialer"
"405","NTS","NTS ASA",2020-05-11,"Industry","Industri"
"406","NTS","NTS ASA",2020-08-26,"Industry","Industri"
"407","NTS","NTS ASA",2020-05-13,"Industry","Industri"
"408","NTS","NTS ASA",2020-08-31,"Industry","Industri"
"409","NTS","NTS ASA",2020-02-26,"Industry","Industri"
"410","OBSERV","Observe Medical ASA",2020-02-25,"Healthcare","Helsevern"
"411","OBSERV","Observe Medical ASA",2020-08-18,"Healthcare","Helsevern"
"412","OBSERV","Observe Medical ASA",2020-05-12,"Healthcare","Helsevern"
"413","OCY","Ocean Yield ASA",2020-03-26,"Energy","Energi"
"414","OCY","Ocean Yield ASA",2020-05-05,"Energy","Energi"
"415","OCY","Ocean Yield ASA",2020-07-09,"Energy","Energi"
"416","OCY","Ocean Yield ASA",2020-02-12,"Energy","Energi"
"417","ODF","Odfjell SE",2020-04-29,"Industry","Industri"
"418","ODF","Odfjell SE",2020-02-05,"Industry","Industri"
"419","ODF","Odfjell SE",2020-02-11,"Industry","Industri"
"420","ODF","Odfjell SE",2020-05-07,"Industry","Industri"
"421","ODF","Odfjell SE",2020-08-20,"Industry","Industri"
"422","ODF","Odfjell SE",2020-08-14,"Industry","Industri"
"423","ODL","Odfjell Drilling Ltd",2020-08-27,"Energy","Energi"
"424","ODL","Odfjell Drilling Ltd",2020-02-27,"Energy","Energi"
"425","ODL","Odfjell Drilling Ltd",2020-05-13,"Energy","Energi"
"426","OET","Okeanis Eco Tankers Corp.",2020-05-14,"Energy","Energi"
"427","OET","Okeanis Eco Tankers Corp.",2020-08-14,"Energy","Energi"
"428","OET","Okeanis Eco Tankers Corp.",2020-02-28,"Energy","Energi"
"429","OKEA","OKEA ASA",2020-04-28,"Energy","Energi"
"430","OKEA","OKEA ASA",2020-07-14,"Energy","Energi"
"431","OKEA","OKEA ASA",2020-07-09,"Energy","Energi"
"432","OKEA","OKEA ASA",2020-07-03,"Energy","Energi"
"433","OKEA","OKEA ASA",2020-02-13,"Energy","Energi"
"434","OLT","Olav Thon Eiendomsselskap ASA",2020-02-13,"Real_estate","Eiendom"
"435","OLT","Olav Thon Eiendomsselskap ASA",2020-05-20,"Real_estate","Eiendom"
"436","OLT","Olav Thon Eiendomsselskap ASA",2020-08-14,"Real_estate","Eiendom"
"437","ORK","Orkla ASA",2020-07-13,"Consumer_goods","Konsumvarer"
"438","ORK","Orkla ASA",2020-02-06,"Consumer_goods","Konsumvarer"
"439","ORK","Orkla ASA",2020-04-17,"Consumer_goods","Konsumvarer"
"440","ORK","Orkla ASA",2020-05-28,"Consumer_goods","Konsumvarer"
"441","ORK","Orkla ASA",2020-05-05,"Consumer_goods","Konsumvarer"
"442","ORK","Orkla ASA",2020-02-13,"Consumer_goods","Konsumvarer"
"443","ORK","Orkla ASA",2020-09-24,"Consumer_goods","Konsumvarer"
"444","OTELLO","Otello Corporation ASA",2020-08-20,"Communication","Kommunikasjon"
"445","OTELLO","Otello Corporation ASA",2020-02-27,"Communication","Kommunikasjon"
"446","OTELLO","Otello Corporation ASA",2020-05-07,"Communication","Kommunikasjon"
"447","OTS","Oceanteam ASA",2020-08-27,"Energy","Energi"
"448","PARB","Pareto Bank ASA",2020-07-16,"Finance","Finans"
"449","PARB","Pareto Bank ASA",2020-04-22,"Finance","Finans"
"450","PARB","Pareto Bank ASA",2020-04-30,"Finance","Finans"
"451","PARB","Pareto Bank ASA",2020-01-20,"Finance","Finans"
"452","PARB","Pareto Bank ASA",2020-07-02,"Finance","Finans"
"453","PARB","Pareto Bank ASA",2020-01-23,"Finance","Finans"
"454","PCIB","PCI Biotech Holding ASA",2020-02-26,"Healthcare","Helsevern"
"455","PCIB","PCI Biotech Holding ASA",2020-08-26,"Healthcare","Helsevern"
"456","PCIB","PCI Biotech Holding ASA",2020-08-19,"Healthcare","Helsevern"
"457","PEN","Panoro Energy ASA",2020-08-27,"Energy","Energi"
"458","PEN","Panoro Energy ASA",2020-05-28,"Energy","Energi"
"459","PEN","Panoro Energy ASA",2020-02-26,"Energy","Energi"
"460","PEXIP","Pexip Holding ASA",2020-05-27,"IT","IT"
"461","PEXIP","Pexip Holding ASA",2020-08-12,"IT","IT"
"462","PGS","PGS ASA",2020-07-23,"Energy","Energi"
"463","PGS","PGS ASA",2020-01-30,"Energy","Energi"
"464","PGS","PGS ASA",2020-04-23,"Energy","Energi"
"465","PHLY","Philly Shipyard ASA",2020-07-15,"Industry","Industri"
"466","PHLY","Philly Shipyard ASA",2020-02-12,"Industry","Industri"
"467","PHO","Photocure ASA",2020-08-18,"Healthcare","Helsevern"
"468","PLCS","Polarcus Limited",2020-04-23,"Energy","Energi"
"469","PLCS","Polarcus Limited",2020-02-27,"Energy","Energi"
"470","PLCS","Polarcus Limited",2020-02-18,"Energy","Energi"
"471","PLCS","Polarcus Limited",2020-07-22,"Energy","Energi"
"472","PLCS","Polarcus Limited",2020-07-15,"Energy","Energi"
"473","PLCS","Polarcus Limited",2020-01-06,"Energy","Energi"
"474","PLCS","Polarcus Limited",2020-04-30,"Energy","Energi"
"475","PLT","poLight ASA",2020-02-14,"IT","IT"
"476","PLT","poLight ASA",2020-08-21,"IT","IT"
"477","PLT","poLight ASA",2020-05-15,"IT","IT"
"478","PNOR","PetroNor E&P Limited",2020-08-31,"Energy","Energi"
"479","PNOR","PetroNor E&P Limited",2020-05-29,"Energy","Energi"
"480","POL","Polaris Media ASA",2020-08-27,"Communication","Kommunikasjon"
"481","POL","Polaris Media ASA",2020-02-14,"Communication","Kommunikasjon"
"482","POL","Polaris Media ASA",2020-05-05,"Communication","Kommunikasjon"
"483","PROTCT","Protector Forsikring ASA",2020-02-06,"Finance","Finans"
"484","PROTCT","Protector Forsikring ASA",2020-07-10,"Finance","Finans"
"485","PROTCT","Protector Forsikring ASA",2020-04-30,"Finance","Finans"
"486","PRS","Prosafe SE",2020-05-26,"Energy","Energi"
"487","PRS","Prosafe SE",2020-02-06,"Energy","Energi"
"488","PRS","Prosafe SE",2020-08-20,"Energy","Energi"
"489","PSE","Petrolia SE",2020-02-27,"Energy","Energi"
"490","PSE","Petrolia SE",2020-08-27,"Energy","Energi"
"491","QEC","Questerre Energy Corporation",2020-08-12,"Energy","Energi"
"492","QEC","Questerre Energy Corporation",2020-05-13,"Energy","Energi"
"493","QFR","Q-Free ASA",2020-04-29,"IT","IT"
"494","QFR","Q-Free ASA",2020-02-13,"IT","IT"
"495","QFR","Q-Free ASA",2020-07-10,"IT","IT"
"496","QFR","Q-Free ASA",2020-04-23,"IT","IT"
"497","QFR","Q-Free ASA",2020-02-06,"IT","IT"
"498","QFR","Q-Free ASA",2020-07-03,"IT","IT"
"499","QFUELME","Quantafuel ASA",2020-02-28,"Industry","Industri"
"500","QFUELME","Quantafuel ASA",2020-08-27,"Industry","Industri"
"501","RAKP","RAK Petroleum plc",2020-08-17,"Energy","Energi"
"502","REACH","Reach Subsea ASA",2020-05-27,"Energy","Energi"
"503","REACH","Reach Subsea ASA",2020-08-25,"Energy","Energi"
"504","REACH","Reach Subsea ASA",2020-02-25,"Energy","Energi"
"505","REC","REC Silicon ASA",2020-02-14,"IT","IT"
"506","REC","REC Silicon ASA",2020-07-23,"IT","IT"
"507","RING","SpareBank 1 Ringerike Hadeland",2020-03-16,"Equity_certificate","Egenkapitalbevis"
"508","RING","SpareBank 1 Ringerike Hadeland",2020-08-13,"Equity_certificate","Egenkapitalbevis"
"509","RING","SpareBank 1 Ringerike Hadeland",2020-02-11,"Equity_certificate","Egenkapitalbevis"
"510","RISH","GC Rieber Shipping ASA",2020-08-24,"Industry","Industri"
"511","ROM","RomReal Ltd.",2020-08-27,"Real_estate","Eiendom"
"512","ROM","RomReal Ltd.",2020-05-21,"Real_estate","Eiendom"
"513","ROMSBME","Romsdal Sparebank",2020-07-29,"Equity_certificate","Egenkapitalbevis"
"514","ROMSBME","Romsdal Sparebank",2020-02-05,"Equity_certificate","Egenkapitalbevis"
"515","ROMSBME","Romsdal Sparebank",2020-05-06,"Equity_certificate","Egenkapitalbevis"
"516","SADG","Sandnes Sparebank",2020-02-13,"Equity_certificate","Egenkapitalbevis"
"517","SADG","Sandnes Sparebank",2020-05-13,"Equity_certificate","Egenkapitalbevis"
"518","SADG","Sandnes Sparebank",2020-03-18,"Equity_certificate","Egenkapitalbevis"
"519","SADG","Sandnes Sparebank",2020-08-13,"Equity_certificate","Egenkapitalbevis"
"520","SAGA","Saga Tankers ASA",2020-02-13,"Finance","Finans"
"521","SAGA","Saga Tankers ASA",2020-08-21,"Finance","Finans"
"522","SAGA","Saga Tankers ASA",2020-05-14,"Finance","Finans"
"523","SALM","SalMar ASA",2020-05-19,"Consumer_goods","Konsumvarer"
"524","SALM","SalMar ASA",2020-08-27,"Consumer_goods","Konsumvarer"
"525","SALMON","Salmones Camanchaca S.A.",2020-08-20,"Consumer_goods","Konsumvarer"
"526","SATS","SATS ASA",2020-05-12,"Consumables","Forbruksvarer"
"527","SATS","SATS ASA",2020-02-13,"Consumables","Forbruksvarer"
"528","SATS","SATS ASA",2020-07-16,"Consumables","Forbruksvarer"
"529","SBANK","Sbanken ASA",2020-07-15,"Finance","Finans"
"530","SBANK","Sbanken ASA",2020-05-15,"Finance","Finans"
"531","SBANK","Sbanken ASA",2020-02-14,"Finance","Finans"
"532","SBO","Selvaag Bolig ASA",2020-02-12,"Real_estate","Eiendom"
"533","SBO","Selvaag Bolig ASA",2020-05-20,"Real_estate","Eiendom"
"534","SBO","Selvaag Bolig ASA",2020-05-13,"Real_estate","Eiendom"
"535","SBO","Selvaag Bolig ASA",2020-08-18,"Real_estate","Eiendom"
"536","SBO","Selvaag Bolig ASA",2020-08-12,"Real_estate","Eiendom"
"537","SBTE","Sparebanken Telemark",2020-02-06,"Equity_certificate","Egenkapitalbevis"
"538","SBTE","Sparebanken Telemark",2020-05-07,"Equity_certificate","Egenkapitalbevis"
"539","SBTE","Sparebanken Telemark",2020-08-12,"Equity_certificate","Egenkapitalbevis"
"540","SBVG","SpareBank 1 BV",2020-08-12,"Equity_certificate","Egenkapitalbevis"
"541","SBVG","SpareBank 1 BV",2020-02-07,"Equity_certificate","Egenkapitalbevis"
"542","SBVG","SpareBank 1 BV",2020-03-24,"Equity_certificate","Egenkapitalbevis"
"543","SBVG","SpareBank 1 BV",2020-05-15,"Equity_certificate","Egenkapitalbevis"
"544","SBVG","SpareBank 1 BV",2020-05-14,"Equity_certificate","Egenkapitalbevis"
"545","SBX","SeaBird Exploration PLC",2020-08-14,"Energy","Energi"
"546","SBX","SeaBird Exploration PLC",2020-02-28,"Energy","Energi"
"547","SBX","SeaBird Exploration PLC",2020-02-24,"Energy","Energi"
"548","SCANA","Scana ASA",2020-05-08,"Materials","Materialer"
"549","SCANA","Scana ASA",2020-08-21,"Materials","Materialer"
"550","SCANA","Scana ASA",2020-02-28,"Materials","Materialer"
"551","SCANA","Scana ASA",2020-03-30,"Materials","Materialer"
"552","SCHA","Schibsted ASA",2020-02-13,"Communication","Kommunikasjon"
"553","SCHA","Schibsted ASA",2020-07-17,"Communication","Kommunikasjon"
"554","SCHA","Schibsted ASA",2020-05-06,"Communication","Kommunikasjon"
"555","SDSD","S.D. Standard Drilling Plc",2020-08-25,"Energy","Energi"
"556","SDSD","S.D. Standard Drilling Plc",2020-05-14,"Energy","Energi"
"557","SDSD","S.D. Standard Drilling Plc",2020-02-13,"Energy","Energi"
"558","SHLF","Shelf Drilling, Ltd.",2020-05-13,"Energy","Energi"
"559","SHLF","Shelf Drilling, Ltd.",2020-03-02,"Energy","Energi"
"560","SHLF","Shelf Drilling, Ltd.",2020-08-13,"Energy","Energi"
"561","SIKRIME","Sikri Holding AS",2020-09-10,"IT","IT"
"562","SIOFF","Siem Offshore Inc.",2020-02-27,"Energy","Energi"
"563","SIOFF","Siem Offshore Inc.",2020-08-27,"Energy","Energi"
"564","SKUE","Skue Sparebank",2020-05-13,"Equity_certificate","Egenkapitalbevis"
"565","SKUE","Skue Sparebank",2020-08-14,"Equity_certificate","Egenkapitalbevis"
"566","SKUE","Skue Sparebank",2020-08-13,"Equity_certificate","Egenkapitalbevis"
"567","SKUE","Skue Sparebank",2020-02-13,"Equity_certificate","Egenkapitalbevis"
"568","SNI","Stolt-Nielsen Limited",2020-04-16,"Industry","Industri"
"569","SNI","Stolt-Nielsen Limited",2020-07-02,"Industry","Industri"
"570","SNOR","SpareBank 1 Nordvest",2020-02-13,"Equity_certificate","Egenkapitalbevis"
"571","SNOR","SpareBank 1 Nordvest",2020-08-13,"Equity_certificate","Egenkapitalbevis"
"572","SNOR","SpareBank 1 Nordvest",2020-04-01,"Equity_certificate","Egenkapitalbevis"
"573","SNOR","SpareBank 1 Nordvest",2020-05-15,"Equity_certificate","Egenkapitalbevis"
"574","SNOR","SpareBank 1 Nordvest",2020-02-14,"Equity_certificate","Egenkapitalbevis"
"575","SNOR","SpareBank 1 Nordvest",2020-03-24,"Equity_certificate","Egenkapitalbevis"
"576","SOAG","SpareBank 1 <d8>stfold Akershus",2020-08-14,"Equity_certificate","Egenkapitalbevis"
"577","SOAG","SpareBank 1 <d8>stfold Akershus",2020-02-06,"Equity_certificate","Egenkapitalbevis"
"578","SOAG","SpareBank 1 <d8>stfold Akershus",2020-02-07,"Equity_certificate","Egenkapitalbevis"
"579","SOAG","SpareBank 1 <d8>stfold Akershus",2020-05-15,"Equity_certificate","Egenkapitalbevis"
"580","SOFF","Solstad Offshore ASA",2020-02-27,"Energy","Energi"
"581","SOFF","Solstad Offshore ASA",2020-08-31,"Energy","Energi"
"582","SOFTOXME","SoftOx Solutions AS",2020-03-31,"Healthcare","Helsevern"
"583","SOGN","Sogn Sparebank",2020-05-14,"Equity_certificate","Egenkapitalbevis"
"584","SOGN","Sogn Sparebank",2020-03-25,"Equity_certificate","Egenkapitalbevis"
"585","SOGN","Sogn Sparebank",2020-02-14,"Equity_certificate","Egenkapitalbevis"
"586","SOGN","Sogn Sparebank",2020-08-14,"Equity_certificate","Egenkapitalbevis"
"587","SOLON","Solon Eiendom ASA",2020-05-27,"Real_estate","Eiendom"
"588","SOLON","Solon Eiendom ASA",2020-02-26,"Real_estate","Eiendom"
"589","SOLON","Solon Eiendom ASA",2020-08-26,"Real_estate","Eiendom"
"590","SOR","Sparebanken S<f8>r",2020-02-06,"Equity_certificate","Egenkapitalbevis"
"591","SOR","Sparebanken S<f8>r",2020-05-07,"Equity_certificate","Egenkapitalbevis"
"592","SOR","Sparebanken S<f8>r",2020-08-14,"Equity_certificate","Egenkapitalbevis"
"593","SPOG","Sparebanken <d8>st",2020-02-13,"Equity_certificate","Egenkapitalbevis"
"594","SPOG","Sparebanken <d8>st",2020-07-15,"Equity_certificate","Egenkapitalbevis"
"595","SPOG","Sparebanken <d8>st",2020-05-13,"Equity_certificate","Egenkapitalbevis"
"596","SPOL","SpareBank 1 <d8>stlandet",2020-02-07,"Equity_certificate","Egenkapitalbevis"
"597","SPOL","SpareBank 1 <d8>stlandet",2020-08-05,"Equity_certificate","Egenkapitalbevis"
"598","SRBANK","SpareBank 1 SR-Bank ASA",2020-05-07,"Finance","Finans"
"599","SRBANK","SpareBank 1 SR-Bank ASA",2020-08-06,"Finance","Finans"
"600","SRBANK","SpareBank 1 SR-Bank ASA",2020-02-05,"Finance","Finans"
"601","SSG","Self Storage Group ASA",2020-05-12,"Industry","Industri"
"602","SSG","Self Storage Group ASA",2020-02-10,"Industry","Industri"
"603","SSG","Self Storage Group ASA",2020-02-12,"Industry","Industri"
"604","SSG","Self Storage Group ASA",2020-08-18,"Industry","Industri"
"605","SSG","Self Storage Group ASA",2020-01-29,"Industry","Industri"
"606","SSO","Scatec Solar ASA",2020-05-08,"Renewables","Forsyning"
"607","SSO","Scatec Solar ASA",2020-07-17,"Renewables","Forsyning"
"608","SSO","Scatec Solar ASA",2020-01-24,"Renewables","Forsyning"
"609","SSO","Scatec Solar ASA",2020-04-24,"Renewables","Forsyning"
"610","SSO","Scatec Solar ASA",2020-01-13,"Renewables","Forsyning"
"611","SSO","Scatec Solar ASA",2020-07-03,"Renewables","Forsyning"
"612","STB","Storebrand ASA",2020-04-30,"Finance","Finans"
"613","STB","Storebrand ASA",2020-02-12,"Finance","Finans"
"614","STB","Storebrand ASA",2020-07-15,"Finance","Finans"
"615","STORM","Storm Real Estate ASA",2020-02-28,"Real_estate","Eiendom"
"616","STORM","Storm Real Estate ASA",2020-08-27,"Real_estate","Eiendom"
"617","STRONG","StrongPoint ASA",2020-07-09,"IT","IT"
"618","STRONG","StrongPoint ASA",2020-07-14,"IT","IT"
"619","STRONG","StrongPoint ASA",2020-04-29,"IT","IT"
"620","STRONG","StrongPoint ASA",2020-02-07,"IT","IT"
"621","STRONG","StrongPoint ASA",2020-02-12,"IT","IT"
"622","STRONG","StrongPoint ASA",2020-01-23,"IT","IT"
"623","SUBC","Subsea 7 S.A.",2020-07-29,"Energy","Energi"
"624","SUNSBME","Sunndal Sparebank",2020-05-15,"Equity_certificate","Egenkapitalbevis"
"625","SUNSBME","Sunndal Sparebank",2020-08-13,"Equity_certificate","Egenkapitalbevis"
"626","SUNSBME","Sunndal Sparebank",2020-02-27,"Equity_certificate","Egenkapitalbevis"
"627","SUSBME","Surnadal Sparebank",2020-08-14,"Equity_certificate","Egenkapitalbevis"
"628","SUSBME","Surnadal Sparebank",2020-02-18,"Equity_certificate","Egenkapitalbevis"
"629","SUSBME","Surnadal Sparebank",2020-05-14,"Equity_certificate","Egenkapitalbevis"
"630","SVEG","Sparebanken Vest",2020-08-13,"Equity_certificate","Egenkapitalbevis"
"631","SVEG","Sparebanken Vest",2020-01-30,"Equity_certificate","Egenkapitalbevis"
"632","SVEG","Sparebanken Vest",2020-05-07,"Equity_certificate","Egenkapitalbevis"
"633","TEAM","Team Tankers International Ltd.",2020-08-26,"Industry","Industry"
"634","TECH","Techstep ASA",2020-05-07,"IT","IT"
"635","TECH","Techstep ASA",2020-02-13,"IT","IT"
"636","TECH","Techstep ASA",2020-08-21,"IT","IT"
"637","TEL","Telenor ASA",2020-07-16,"Communication","Kommunikasjon"
"638","TEL","Telenor ASA",2020-01-29,"Communication","Kommunikasjon"
"639","TEL","Telenor ASA",2020-04-28,"Communication","Kommunikasjon"
"640","THIN","Thin Film Electronics ASA",2020-08-20,"IT","IT"
"641","TIETOO","TietoEVRY Oyj",2020-02-14,"IT","IT"
"642","TIETOO","TietoEVRY Oyj",2020-07-24,"IT","IT"
"643","TIETOO","TietoEVRY Oyj",2020-04-28,"IT","IT"
"644","TOM","Tomra Systems ASA",2020-02-20,"Industry","Industri"
"645","TOM","Tomra Systems ASA",2020-05-05,"Industry","Industri"
"646","TOM","Tomra Systems ASA",2020-07-17,"Industry","Industri"
"647","TOTG","Totens Sparebank",2020-02-11,"Equity_certificate","Egenkapitalbevis"
"648","TOTG","Totens Sparebank",2020-03-17,"Equity_certificate","Egenkapitalbevis"
"649","TOTG","Totens Sparebank",2020-08-13,"Equity_certificate","Egenkapitalbevis"
"650","TOTG","Totens Sparebank",2020-01-14,"Equity_certificate","Egenkapitalbevis"
"651","TOTG","Totens Sparebank",2020-04-28,"Equity_certificate","Egenkapitalbevis"
"652","TOTG","Totens Sparebank",2020-02-13,"Equity_certificate","Egenkapitalbevis"
"653","TRE","Treasure ASA",2020-04-01,"Industry","Industri"
"654","TRE","Treasure ASA",2020-08-17,"Industry","Industri"
"655","TRVX","Targovax ASA",2020-08-20,"Healthcare","Helsevern"
"656","TRVX","Targovax ASA",2020-08-12,"Healthcare","Helsevern"
"657","TRVX","Targovax ASA",2020-05-07,"Healthcare","Helsevern"
"658","TRVX","Targovax ASA",2020-03-03,"Healthcare","Helsevern"
"659","TRVX","Targovax ASA",2020-03-11,"Healthcare","Helsevern"
"660","TYSBME","Tysnes Sparebank",2020-08-13,"Equity_certificate","Egenkapitalbevis"
"661","TYSBME","Tysnes Sparebank",2020-05-18,"Equity_certificate","Egenkapitalbevis"
"662","ULTIMO","Ultimovacs ASA",2020-02-14,"Healthcare","Helsevern"
"663","ULTIMO","Ultimovacs ASA",2020-08-13,"Healthcare","Helsevern"
"664","ULTIMO","Ultimovacs ASA",2020-05-14,"Healthcare","Helsevern"
"665","ULTIMO","Ultimovacs ASA",2020-08-21,"Healthcare","Helsevern"
"666","VEI","Veidekke ASA",2020-02-11,"Industry","Industri"
"667","VEI","Veidekke ASA",2020-05-07,"Industry","Industri"
"668","VEI","Veidekke ASA",2020-08-13,"Industry","Industri"
"669","VISTIN","Vistin Pharma ASA",2020-02-28,"Healthcare","Helsevern"
"670","VISTIN","Vistin Pharma ASA",2020-08-28,"Healthcare","Helsevern"
"671","VOW","Vow ASA",2020-08-26,"Industry","Industri"
"672","VOW","Vow ASA",2020-02-26,"Industry","Industri"
"673","VVL","Voss Veksel- og Landmandsbank ASA",2020-04-29,"Finance","Finans"
"674","VVL","Voss Veksel- og Landmandsbank ASA",2020-02-18,"Finance","Finans"
"675","VVL","Voss Veksel- og Landmandsbank ASA",2020-01-29,"Finance","Finans"
"676","VVL","Voss Veksel- og Landmandsbank ASA",2020-08-12,"Finance","Finans"
"677","WALWIL","Wallenius Wilhelmsen ASA",2020-08-18,"Industry","Industri"
"678","WILS","Wilson ASA",2020-05-07,"Industry","Industri"
"679","WILS","Wilson ASA",2020-08-07,"Industry","Industri"
"680","WILS","Wilson ASA",2020-02-19,"Industry","Industri"
"681","WSTEP","Webstep ASA",2020-08-26,"IT","IT"
"682","WSTEP","Webstep ASA",2020-02-12,"IT","IT"
"683","WWI","Wilh. Wilhelmsen Holding ASA",2020-02-04,"Industry","Industri"
"684","WWI","Wilh. Wilhelmsen Holding ASA",2020-08-19,"Industry","Industri"
"685","WWI","Wilh. Wilhelmsen Holding ASA",2020-08-10,"Industry","Industri"
"686","WWI","Wilh. Wilhelmsen Holding ASA",2020-02-13,"Industry","Industri"
"687","WWI","Wilh. Wilhelmsen Holding ASA",2020-05-15,"Industry","Industri"
"688","XXL","XXL ASA",2020-02-07,"Consumables","Forbruksvarer"
"689","XXL","XXL ASA",2020-07-16,"Consumables","Forbruksvarer"
"690","XXL","XXL ASA",2020-04-29,"Consumables","Forbruksvarer"
"691","YAR","Yara International ASA",2020-01-17,"Materials","Materialer"
"692","YAR","Yara International ASA",2020-02-05,"Materials","Materialer"
"693","YAR","Yara International ASA",2020-04-23,"Materials","Materialer"
"694","YAR","Yara International ASA",2020-04-22,"Materials","Materialer"
"695","YAR","Yara International ASA",2020-07-15,"Materials","Materialer"
"696","YAR","Yara International ASA",2020-02-07,"Materials","Materialer"
"697","YAR","Yara International ASA",2020-07-01,"Materials","Materialer"
"698","YAR","Yara International ASA",2020-07-17,"Materials","Materialer"
"699","YAR","Yara International ASA",2020-04-17,"Materials","Materialer"
"700","ZAL","Zalaris ASA",2020-08-18,"Industry","Industri"
"701","ZAL","Zalaris ASA",2020-02-28,"Industry","Industri"
"702","ZAL","Zalaris ASA",2020-05-08,"Industry","Industri"
"703","ZENAME","Zenith Energy Ltd",2020-02-14,"Energy","Energi"
